제목,링크,썸네일,세로 size,가로 size
2024년 청년 이사비 및 중개보수비 지원사업 | 일반공지 | 중부소식방 | 중부광장 : 중부대학교,https://www.joongbu.ac.kr/upload/editor/images/000214/20240404095804563_I91VTC8K.png,https://search.pstatic.net/sunny/?type=b150&src=https%3A%2F%2Fwww.joongbu.ac.kr%2Fupload%2Feditor%2Fimages%2F000214%2F20240404095804563_I91VTC8K.png,920,653
서울 청년 이사비 최대 '40만 원' 지원…'중개 수수료'까지 확대,http://imgnews.naver.net/image/5003/2022/10/10/20221010090126_1805481_656_614_20221010111604094.JPG,https://search.pstatic.net/common/?type=b150&src=http%3A%2F%2Fimgnews.naver.net%2Fimage%2F5003%2F2022%2F10%2F10%2F20221010090126_1805481_656_614_20221010111604094.JPG,505,540
"서울시, 청년 이사비 지원사업 문턱 낮춘다…최대 40만원 지원",http://imgnews.naver.net/image/029/2023/05/08/0002799165_001_20230508141005273.jpg,https://search.pstatic.net/common/?type=b150&src=http%3A%2F%2Fimgnews.naver.net%2Fimage%2F029%2F2023%2F05%2F08%2F0002799165_001_20230508141005273.jpg,441,540
"영주시, 경북도 최초 청년 이사비 최대 50만원 지원",http://imgnews.naver.net/image/382/2023/05/09/0001050254_001_20230509162501371.jpg,https://search.pstatic.net/common/?type=b150&src=http%3A%2F%2Fimgnews.naver.net%2Fimage%2F382%2F2023%2F05%2F09%2F0001050254_001_20230509162501371.jpg,600,600
"서울시, 청년 부동산중개료·이사비 최대 40만원 지원",http://imgnews.naver.net/image/5464/2024/08/12/0000167572_001_20240812144013754.jpg,https://search.pstatic.net/common/?type=b150&src=http%3A%2F%2Fimgnews.naver.net%2Fimage%2F5464%2F2024%2F08%2F12%2F0000167572_001_20240812144013754.jpg,430,600
"서산시, 충남 최초 주거취약계층 이사비용 지원",http://imgnews.naver.net/image/5788/2023/07/26/0000089312_001_20230726173202929.jpg,https://search.pstatic.net/common/?type=b150&src=http%3A%2F%2Fimgnews.naver.net%2Fimage%2F5788%2F2023%2F07%2F26%2F0000089312_001_20230726173202929.jpg,618,488
동주민센터소식(상세) < 우리마을소식 < 자양4동 < 동주민센터,https://www.gwangjin.go.kr/editorUpload/images/000194/20220928215921804_RAOT1H4O.png,https://search.pstatic.net/sunny/?type=b150&src=https%3A%2F%2Fwww.gwangjin.go.kr%2FeditorUpload%2Fimages%2F000194%2F20220928215921804_RAOT1H4O.png,1005,2744
서울신문 검색 서울신문,https://img.seoul.co.kr/img/upload/2025/02/24/SSC_20250224132014_V.jpg,https://search.pstatic.net/sunny/?type=b150&src=https%3A%2F%2Fimg.seoul.co.kr%2Fimg%2Fupload%2F2025%2F02%2F24%2FSSC_20250224132014_V.jpg,725,580
"""청년 40만원 지원"" 서울시, 중개·이사비 올해 6000명 지원",http://imgnews.naver.net/image/018/2024/04/01/0005704237_001_20240401143205583.jpg,https://search.pstatic.net/common/?type=b150&src=http%3A%2F%2Fimgnews.naver.net%2Fimage%2F018%2F2024%2F04%2F01%2F0005704237_001_20240401143205583.jpg,868,616
"경주시, 청년의 정서적 안정과 지역 정착 지원",http://imgnews.naver.net/image/5293/2024/08/07/0000402377_001_20240807110619942.jpg,https://search.pstatic.net/common/?type=b150&src=http%3A%2F%2Fimgnews.naver.net%2Fimage%2F5293%2F2024%2F08%2F07%2F0000402377_001_20240807110619942.jpg,818,580
"경북도, 2자녀 이상 '다자녀 가정' 이사비 지원 ",http://imgnews.naver.net/image/5329/2024/08/19/0000188174_001_20240819150611820.jpg,https://search.pstatic.net/common/?type=b150&src=http%3A%2F%2Fimgnews.naver.net%2Fimage%2F5329%2F2024%2F08%2F19%2F0000188174_001_20240819150611820.jpg,411,600
"영주시, 경북도 최초 청년 이사비 최대 50만원 지원",http://imgnews.naver.net/image/5291/2023/05/09/0001776997_001_20230509215201636.jpg,https://search.pstatic.net/common/?type=b150&src=http%3A%2F%2Fimgnews.naver.net%2Fimage%2F5291%2F2023%2F05%2F09%2F0001776997_001_20230509215201636.jpg,708,501
보도뉴스,http://www.bodonews.com/data/bodonews_com/mainimages/202407/560_658_2024072534461446.webp,https://search.pstatic.net/sunny/?type=b150&src=http%3A%2F%2Fwww.bodonews.com%2Fdata%2Fbodonews_com%2Fmainimages%2F202407%2F560_658_2024072534461446.webp,658,560
"화성시, 청년 부동산 중개보수 및 이사비 지원사업 2025년부터 시행",http://imgnews.naver.net/image/5394/2025/04/24/0001115256_001_20250424125413662.jpg,https://search.pstatic.net/common/?type=b150&src=http%3A%2F%2Fimgnews.naver.net%2Fimage%2F5394%2F2025%2F04%2F24%2F0001115256_001_20250424125413662.jpg,906,640
안양 청년 이사비 지원 사업 - 안양청년광장 안양청년광장,https://www.anyang.go.kr/downloadContentsFile.do?key=4438&fileNo=44347,https://search.pstatic.net/sunny/?type=b150&src=https%3A%2F%2Fwww.anyang.go.kr%2FdownloadContentsFile.do%3Fkey%3D4438%26fileNo%3D44347,1491,1055
"성남시, 취업 청년 전월세·이사비 지원사업…625명 추가 모집",http://imgnews.naver.net/image/029/2025/07/07/0002966391_002_20250707082210212.jpg,https://search.pstatic.net/common/?type=b150&src=http%3A%2F%2Fimgnews.naver.net%2Fimage%2F029%2F2025%2F07%2F07%2F0002966391_002_20250707082210212.jpg,569,640
"태백시, 주거취약계층 대상 '이사비 지원 사업' 추진",http://imgnews.naver.net/image/5294/2023/03/17/0000275813_001_20230317153401691.jpg,https://search.pstatic.net/common/?type=b150&src=http%3A%2F%2Fimgnews.naver.net%2Fimage%2F5294%2F2023%2F03%2F17%2F0000275813_001_20230317153401691.jpg,600,600
"용산구, '2025년 온(溫)용산 이사비 지원 사업' 추진",http://imgnews.naver.net/image/5364/2025/02/09/0000998455_001_20250209090815377.jpg,https://search.pstatic.net/common/?type=b150&src=http%3A%2F%2Fimgnews.naver.net%2Fimage%2F5364%2F2025%2F02%2F09%2F0000998455_001_20250209090815377.jpg,847,600
청년 이사비 지원 등 시민참여예산 사업 21건 선정,http://imgnews.naver.net/image/5383/2025/09/24/0000070777_001_20250924113038583.jpg,https://search.pstatic.net/common/?type=b150&src=http%3A%2F%2Fimgnews.naver.net%2Fimage%2F5383%2F2025%2F09%2F24%2F0000070777_001_20250924113038583.jpg,720,1280
"인천 중구, 청년 주거 지원 위해 '2026년 청년 이사비 지원사업' 추진",http://imgnews.naver.net/image/5385/2026/01/26/0000836919_001_20260126132415312.jpg,https://search.pstatic.net/common/?type=b150&src=http%3A%2F%2Fimgnews.naver.net%2Fimage%2F5385%2F2026%2F01%2F26%2F0000836919_001_20260126132415312.jpg,353,250
"다자녀 가정 이사비 지원사업 안내 내용 | 새소식 | 시정현황 | 김천시정 | 누리집 김천시청, 김천시누리집",https://www.gc.go.kr/common/imgView.do?attachId=d0c6ffe415399029d19762d602abbeb483b1042cf6a816650fbf3c82aa3f0f41&fileSn=f9a1967c526603d17ab488b9d2747cda&mode=origin,https://search.pstatic.net/sunny/?type=b150&src=https%3A%2F%2Fwww.gc.go.kr%2Fcommon%2FimgView.do%3FattachId%3Dd0c6ffe415399029d19762d602abbeb483b1042cf6a816650fbf3c82aa3f0f41%26fileSn%3Df9a1967c526603d17ab488b9d2747cda%26mode%3Dorigin,3375,3375
"수영구, 청년 이사비 지원사업 확대 시행 | 뉴스로",https://www.newsro.kr/wp-content/uploads/2023/07/%EC%82%AC%EC%A7%84%EC%9E%90%EB%A3%8C%EC%88%98%EC%98%81%EA%B5%AC-%EC%B2%AD%EB%85%84-%EC%9D%B4%EC%82%AC%EB%B9%84%EC%9A%A9-%EC%A7%80%EC%9B%90%EC%82%AC%EC%97%85-%ED%99%95%EB%8C%80-%EC%B6%94%EC%A7%84.jpg,https://search.pstatic.net/sunny/?type=b150&src=https%3A%2F%2Fwww.newsro.kr%2Fwp-content%2Fuploads%2F2023%2F07%2F%25EC%2582%25AC%25EC%25A7%2584%25EC%259E%2590%25EB%25A3%258C%25EC%2588%2598%25EC%2598%2581%25EA%25B5%25AC-%25EC%25B2%25AD%25EB%2585%2584-%25EC%259D%25B4%25EC%2582%25AC%25EB%25B9%2584%25EC%259A%25A9-%25EC%25A7%2580%25EC%259B%2590%25EC%2582%25AC%25EC%2597%2585-%25ED%2599%2595%25EB%258C%2580-%25EC%25B6%2594%25EC%25A7%2584.jpg,1000,707
"용산구, 기초생활 생계·의료급여 수급자에 이사비 지원",http://imgnews.naver.net/image/5002/2024/01/03/0002502430_001_20240103102201484.jpg,https://search.pstatic.net/common/?type=b150&src=http%3A%2F%2Fimgnews.naver.net%2Fimage%2F5002%2F2024%2F01%2F03%2F0002502430_001_20240103102201484.jpg,962,680
"서천군, '2026년 청년 이사비 지원사업'운영",http://imgnews.naver.net/image/5347/2026/05/11/0000504301_001_20260511100413723.jpg,https://search.pstatic.net/common/?type=b150&src=http%3A%2F%2Fimgnews.naver.net%2Fimage%2F5347%2F2026%2F05%2F11%2F0000504301_001_20260511100413723.jpg,600,600
"관악구, 주거취약계층에 이사비 등 100만원지원",http://imgnews.naver.net/image/016/2023/06/01/20230601000163_0_20230601095201303.jpg,https://search.pstatic.net/common/?type=b150&src=http%3A%2F%2Fimgnews.naver.net%2Fimage%2F016%2F2023%2F06%2F01%2F20230601000163_0_20230601095201303.jpg,904,640
"""복비 1,000원 시대""... 인천시, 주거취약계층 '이사비 지원 사업' 큰 호응",http://imgnews.naver.net/image/5675/2026/04/06/0000077254_004_20260406124412891.png,https://search.pstatic.net/common/?type=b150&src=http%3A%2F%2Fimgnews.naver.net%2Fimage%2F5675%2F2026%2F04%2F06%2F0000077254_004_20260406124412891.png,335,600
"의왕시, 청년 이사비 지원사업 시행",http://imgnews.naver.net/image/5721/2025/01/15/0000121552_001_20250115073812699.jpg,https://search.pstatic.net/common/?type=b150&src=http%3A%2F%2Fimgnews.naver.net%2Fimage%2F5721%2F2025%2F01%2F15%2F0000121552_001_20250115073812699.jpg,340,600
"'반지하' 청년들에 이사비 지원…서울시 ""최대 40만원""",http://imgnews.naver.net/image/003/2022/09/05/NISI20220905_0001077960_web_20220905101003_20220905111616161.jpg,https://search.pstatic.net/common/?type=b150&src=http%3A%2F%2Fimgnews.naver.net%2Fimage%2F003%2F2022%2F09%2F05%2FNISI20220905_0001077960_web_20220905101003_20220905111616161.jpg,874,648
"산청군, 2025년 귀농인 이사비 지원사업 시행",http://imgnews.naver.net/image/5551/2025/02/13/0000342863_001_20250213224013761.jpg,https://search.pstatic.net/common/?type=b150&src=http%3A%2F%2Fimgnews.naver.net%2Fimage%2F5551%2F2025%2F02%2F13%2F0000342863_001_20250213224013761.jpg,398,700
"뉴스로 - 지자체가 보인다! - 수영구, 청년 이사비 지원사업 확대 시행 수영구, 청년 이사비 지원사업 확대 시행",https://img.newsro.kr/wp-content/uploads/2023/07/%EC%82%AC%EC%A7%84%EC%9E%90%EB%A3%8C%EC%88%98%EC%98%81%EA%B5%AC-%EC%B2%AD%EB%85%84-%EC%9D%B4%EC%82%AC%EB%B9%84%EC%9A%A9-%EC%A7%80%EC%9B%90%EC%82%AC%EC%97%85-%ED%99%95%EB%8C%80-%EC%B6%94%EC%A7%84-1.jpg,https://search.pstatic.net/sunny/?type=b150&src=https%3A%2F%2Fimg.newsro.kr%2Fwp-content%2Fuploads%2F2023%2F07%2F%25EC%2582%25AC%25EC%25A7%2584%25EC%259E%2590%25EB%25A3%258C%25EC%2588%2598%25EC%2598%2581%25EA%25B5%25AC-%25EC%25B2%25AD%25EB%2585%2584-%25EC%259D%25B4%25EC%2582%25AC%25EB%25B9%2584%25EC%259A%25A9-%25EC%25A7%2580%25EC%259B%2590%25EC%2582%25AC%25EC%2597%2585-%25ED%2599%2595%25EB%258C%2580-%25EC%25B6%2594%25EC%25A7%2584-1.jpg,459,707
"의정부시, 2026년 청년 중개수수료 및 이사비 지원사업 신청자 모집... 2026년 청년 중개수수료 및 이사비 지원사업 신청자 모집 - 내외일보",https://cdn.naewoeilbo.com/news/photo/202602/2311015_1320049_2013.jpg,https://search.pstatic.net/sunny/?type=b150&src=https%3A%2F%2Fcdn.naewoeilbo.com%2Fnews%2Fphoto%2F202602%2F2311015_1320049_2013.jpg,663,467
"서울시, 청년 부동산 중개보수 및 이사비 지원 사업…취약청년 집중 지원",http://imgnews.naver.net/image/5516/2022/12/30/0000027696_001_20221230115602293.png,https://search.pstatic.net/common/?type=b150&src=http%3A%2F%2Fimgnews.naver.net%2Fimage%2F5516%2F2022%2F12%2F30%2F0000027696_001_20221230115602293.png,266,600
"안양시, 청년 가구에 이사비 최대 50만원 지원",http://imgnews.naver.net/image/5366/2025/07/08/2025070813312403357d6b0ab7f1c591322451_20250708164412854.jpg,https://search.pstatic.net/common/?type=b150&src=http%3A%2F%2Fimgnews.naver.net%2Fimage%2F5366%2F2025%2F07%2F08%2F2025070813312403357d6b0ab7f1c591322451_20250708164412854.jpg,784,458
[안양 소식] 청년 이사비 지원사업 하반기에도 시행 등,http://imgnews.naver.net/image/417/2025/07/08/0001088100_001_20250708172807986.jpg,https://search.pstatic.net/common/?type=b150&src=http%3A%2F%2Fimgnews.naver.net%2Fimage%2F417%2F2025%2F07%2F08%2F0001088100_001_20250708172807986.jpg,495,909
"부산시, 청년에게 이사비 40만 원까지 지원… 8월 26일부터 모집 | 뉴스로",https://www.newsro.kr/wp-content/uploads/2025/08/%EC%B0%B8%EA%B3%A0%EC%82%AC%EC%A7%843.jpg,https://search.pstatic.net/sunny/?type=b150&src=https%3A%2F%2Fwww.newsro.kr%2Fwp-content%2Fuploads%2F2025%2F08%2F%25EC%25B0%25B8%25EA%25B3%25A0%25EC%2582%25AC%25EC%25A7%25843.jpg,667,1000
"영주시, 청년 이사비 최대 50만 원 지원",http://imgnews.naver.net/image/5293/2024/01/25/0000369454_001_20240125094801637.jpg,https://search.pstatic.net/common/?type=b150&src=http%3A%2F%2Fimgnews.naver.net%2Fimage%2F5293%2F2024%2F01%2F25%2F0000369454_001_20240125094801637.jpg,580,580
유관기관소식 2025년 경상북도 다자녀 가정 이사비 지원사업 안내,https://www.yd.go.kr/wp-content/uploads/kboard_attached/8/202507/202507170847591793036.jpg,https://search.pstatic.net/sunny/?type=b150&src=https%3A%2F%2Fwww.yd.go.kr%2Fwp-content%2Fuploads%2Fkboard_attached%2F8%2F202507%2F202507170847591793036.jpg,7016,4961
"경기도, '청년 이사비 및 중개보수비' 지원사업 참여자 모집",http://imgnews.naver.net/image/5095/2024/08/12/0001008444_001_20240812141010536.jpg,https://search.pstatic.net/common/?type=b150&src=http%3A%2F%2Fimgnews.naver.net%2Fimage%2F5095%2F2024%2F08%2F12%2F0001008444_001_20240812141010536.jpg,389,600
"영주시, 청년 이사비 최대 50만 원 지원",http://imgnews.naver.net/image/5291/2024/01/25/0001946577_001_20240125223602327.jpg,https://search.pstatic.net/common/?type=b150&src=http%3A%2F%2Fimgnews.naver.net%2Fimage%2F5291%2F2024%2F01%2F25%2F0001946577_001_20240125223602327.jpg,301,301
"인천 동구, 청년 웰컴페이(이사비) 지원사업 시행",http://imgnews.naver.net/image/5721/2025/01/31/0000122557_001_20250131143016136.jpg,https://search.pstatic.net/common/?type=b150&src=http%3A%2F%2Fimgnews.naver.net%2Fimage%2F5721%2F2025%2F01%2F31%2F0000122557_001_20250131143016136.jpg,399,600
"태안군, 청년들의 ‘태안살이’ 돕는다… ‘청년 이사비 지원사업’ 추진 | 뉴스로",https://www.newsro.kr/wp-content/uploads/2026/01/19bb8f3af21a4f46_1-771x1090.jpg,https://search.pstatic.net/sunny/?type=b150&src=https%3A%2F%2Fwww.newsro.kr%2Fwp-content%2Fuploads%2F2026%2F01%2F19bb8f3af21a4f46_1-771x1090.jpg,1090,771
"경주시, 2026년 다자녀 가정 지원사업 시행…""이사비·대출이자까지 지원!"" < 경북 < 전국 < 기사본문 - 인터넷조은뉴스 경주시, 2026년 다자녀... ",https://cdn.egn.kr/news/photo/202603/208834_313631_1127.jpg,https://search.pstatic.net/sunny/?type=b150&src=https%3A%2F%2Fcdn.egn.kr%2Fnews%2Fphoto%2F202603%2F208834_313631_1127.jpg,767,600
"인천시, ‘전입 청년 대상’, …이사비 최대 40만 원 지원",http://imgnews.naver.net/image/119/2025/04/30/0002951138_001_20250430084711371.png,https://search.pstatic.net/common/?type=b150&src=http%3A%2F%2Fimgnews.naver.net%2Fimage%2F119%2F2025%2F04%2F30%2F0002951138_001_20250430084711371.png,750,528
청년 이사비·월세 지원 확대…최대 50만원 어디서 어떻게 받나,http://imgnews.naver.net/image/022/2026/06/23/20260623502469_20260623071507107.png,https://search.pstatic.net/common/?type=b150&src=http%3A%2F%2Fimgnews.naver.net%2Fimage%2F022%2F2026%2F06%2F23%2F20260623502469_20260623071507107.png,1536,2816
"화성특례시, '청년 부동산 중개보수ㆍ이사비 지원사업' 신청자 모집",http://imgnews.naver.net/image/5802/2026/01/19/0000146779_001_20260126180707657.jpg,https://search.pstatic.net/common/?type=b150&src=http%3A%2F%2Fimgnews.naver.net%2Fimage%2F5802%2F2026%2F01%2F19%2F0000146779_001_20260126180707657.jpg,850,600
청년 이사비 지원 정책 요약,https://i.pinimg.com/736x/bc/fe/5e/bcfe5eef81ab3ada9a6561501b5f808f.jpg,https://search.pstatic.net/sunny/?type=b150&src=https%3A%2F%2Fi.pinimg.com%2F736x%2Fbc%2Ffe%2F5e%2Fbcfe5eef81ab3ada9a6561501b5f808f.jpg,736,736
"울산 중구, 쪽방·반지하 주민 이사비 지원… 최대 40만원",http://imgnews.naver.net/image/5286/2023/02/17/20230217500142_20230217172403065.jpg,https://search.pstatic.net/common/?type=b150&src=http%3A%2F%2Fimgnews.naver.net%2Fimage%2F5286%2F2023%2F02%2F17%2F20230217500142_20230217172403065.jpg,334,512
"서울시, 반지하·옥탑방 청년에 이사비 등 최대 1천만원 지원",http://imgnews.naver.net/image/003/2025/02/24/NISI20250223_0001776240_web_20250223084415_20250224062713999.jpg,https://search.pstatic.net/common/?type=b150&src=http%3A%2F%2Fimgnews.naver.net%2Fimage%2F003%2F2025%2F02%2F24%2FNISI20250223_0001776240_web_20250223084415_20250224062713999.jpg,1016,720
삼척시 기초수급자 이사비 20만원 지원,http://imgnews.naver.net/image/421/2020/10/05/0004907086_001_20201005162146038.jpg,https://search.pstatic.net/common/?type=b150&src=http%3A%2F%2Fimgnews.naver.net%2Fimage%2F421%2F2020%2F10%2F05%2F0004907086_001_20201005162146038.jpg,933,1400
"경기 광주시, 1인 청년 가구 이사비 '최대 50만원' 지원",http://imgnews.naver.net/image/014/2023/02/27/0004974657_001_20230227104503018.png,https://search.pstatic.net/common/?type=b150&src=http%3A%2F%2Fimgnews.naver.net%2Fimage%2F014%2F2023%2F02%2F27%2F0004974657_001_20230227104503018.png,800,800
"영주시, 청년 이사비 최대 50만 원 지원",http://imgnews.naver.net/image/5698/2023/05/10/0000122676_002_20230510134403847.jpg,https://search.pstatic.net/common/?type=b150&src=http%3A%2F%2Fimgnews.naver.net%2Fimage%2F5698%2F2023%2F05%2F10%2F0000122676_002_20230510134403847.jpg,600,600
"전주시, 저소득층 10가구 대상 ‘보금자리 이사비 지원 사업’ 추진",http://imgnews.naver.net/image/5181/2020/02/28/0001706780_001_20200228115408951.jpg,https://search.pstatic.net/common/?type=b150&src=http%3A%2F%2Fimgnews.naver.net%2Fimage%2F5181%2F2020%2F02%2F28%2F0001706780_001_20200228115408951.jpg,357,445
"서울시, 반지하·고시원 청년층에 이사비 지원… 최대 '40만원'",http://imgnews.naver.net/image/5526/2022/09/05/0000310181_001_20220905133602681.png,https://search.pstatic.net/common/?type=b150&src=http%3A%2F%2Fimgnews.naver.net%2Fimage%2F5526%2F2022%2F09%2F05%2F0000310181_001_20220905133602681.png,349,600
"울산 중구, 쪽방·반지하 거주 주민 이사비 지원…최대 40만원",http://imgnews.naver.net/image/5184/2023/02/19/0000306637_001_20230219222211536.jpg,https://search.pstatic.net/common/?type=b150&src=http%3A%2F%2Fimgnews.naver.net%2Fimage%2F5184%2F2023%2F02%2F19%2F0000306637_001_20230219222211536.jpg,381,600
"[아유경제_부동산] 서울시, '청년 부동산 중개보수 및 이사비 지원사업' 실시… 1인 최대 40만 원 지원",http://imgnews.naver.net/image/5609/2024/04/01/0000037644_001_20240703145730867.jpg,https://search.pstatic.net/common/?type=b150&src=http%3A%2F%2Fimgnews.naver.net%2Fimage%2F5609%2F2024%2F04%2F01%2F0000037644_001_20240703145730867.jpg,800,1200
"춘천시, 주거취약계층 이사비 '40만원' 지원",http://imgnews.naver.net/image/5294/2023/02/27/0000273564_001_20230227161801660.jpg,https://search.pstatic.net/common/?type=b150&src=http%3A%2F%2Fimgnews.naver.net%2Fimage%2F5294%2F2023%2F02%2F27%2F0000273564_001_20230227161801660.jpg,600,600
"태안군, ‘청년 이사비 지원’… 최대 40만원",http://imgnews.naver.net/image/5364/2024/06/20/0000906833_001_20240620142032462.jpg,https://search.pstatic.net/common/?type=b150&src=http%3A%2F%2Fimgnews.naver.net%2Fimage%2F5364%2F2024%2F06%2F20%2F0000906833_001_20240620142032462.jpg,560,396
복비·이사비 지원받은 서울 청년 3286명…15%가 ‘지옥고’에 산다,http://imgnews.naver.net/image/032/2022/12/29/0003195897_001_20250521183439843.jpg,https://search.pstatic.net/common/?type=b150&src=http%3A%2F%2Fimgnews.naver.net%2Fimage%2F032%2F2022%2F12%2F29%2F0003195897_001_20250521183439843.jpg,467,700
청년들 스스로 발굴한 청년을 위한 이사비 지원 첫 시행,http://imgnews.naver.net/image/5572/2024/02/05/0000056145_001_20240205160802287.jpg,https://search.pstatic.net/common/?type=b150&src=http%3A%2F%2Fimgnews.naver.net%2Fimage%2F5572%2F2024%2F02%2F05%2F0000056145_001_20240205160802287.jpg,351,600
"무주택 청년 인천 전입···인천시, 이사비 최대 40만원 지원",http://imgnews.naver.net/image/032/2025/04/30/0003366615_001_20250430094211999.jpg,https://search.pstatic.net/common/?type=b150&src=http%3A%2F%2Fimgnews.naver.net%2Fimage%2F032%2F2025%2F04%2F30%2F0003366615_001_20250430094211999.jpg,363,583
"익산시, 전입 청년에 문화생활.이사비 지원",http://imgnews.naver.net/image/5847/2025/10/10/0000027210_001_20251010213219223.jpg,https://search.pstatic.net/common/?type=b150&src=http%3A%2F%2Fimgnews.naver.net%2Fimage%2F5847%2F2025%2F10%2F10%2F0000027210_001_20251010213219223.jpg,1080,1920
"서울시, 내년부터 청년 이사비 40만원·교통비 10만원 지원한다",http://imgnews.naver.net/image/081/2021/10/28/0003225434_001_20211028050743219.jpg,https://search.pstatic.net/common/?type=b150&src=http%3A%2F%2Fimgnews.naver.net%2Fimage%2F081%2F2021%2F10%2F28%2F0003225434_001_20211028050743219.jpg,540,767
"다방, 위매치다이사와 '이사비 지원' 프로모션",http://imgnews.naver.net/image/018/2022/04/29/0005203475_001_20220429090501123.jpg,https://search.pstatic.net/common/?type=b150&src=http%3A%2F%2Fimgnews.naver.net%2Fimage%2F018%2F2022%2F04%2F29%2F0005203475_001_20220429090501123.jpg,409,670
"관악구, 전세피해자 지원 사업 나서…보증료·이사비 등",http://imgnews.naver.net/image/003/2025/01/14/NISI20250114_0001750042_web_20250114144742_20250114154419566.jpg,https://search.pstatic.net/common/?type=b150&src=http%3A%2F%2Fimgnews.naver.net%2Fimage%2F003%2F2025%2F01%2F14%2FNISI20250114_0001750042_web_20250114144742_20250114154419566.jpg,704,720
"[카드뉴스] 서울시, 청년 부동산 중개보수 및 이사비 지원 사업…취약청년 집중 지원 > 카드뉴스 > 시민관심정보 > 시민소통 > 정보소통광장... ",https://opengov.seoul.go.kr/applefine1box/sites/default/files/editor/20230104/20230104152701_06229997914fc88e15c9dc6e855384db.png,https://search.pstatic.net/sunny/?type=b150&src=https%3A%2F%2Fopengov.seoul.go.kr%2Fapplefine1box%2Fsites%2Fdefault%2Ffiles%2Feditor%2F20230104%2F20230104152701_06229997914fc88e15c9dc6e855384db.png,800,800
"서울시 “‘청년 이사비’, 중개수수료도 지원합니다”···최대 40만원",http://imgnews.naver.net/image/032/2022/10/10/0003178418_001_20250522090611187.jpg,https://search.pstatic.net/common/?type=b150&src=http%3A%2F%2Fimgnews.naver.net%2Fimage%2F032%2F2022%2F10%2F10%2F0003178418_001_20250522090611187.jpg,250,650
‘영주시 청년인구 늘리기 안간힘’…전입 청년 이사비 최대50만원 지원,http://imgnews.naver.net/image/016/2024/01/25/202401251642073132089_20240125164721_01_20240125164901396.jpg,https://search.pstatic.net/common/?type=b150&src=http%3A%2F%2Fimgnews.naver.net%2Fimage%2F016%2F2024%2F01%2F25%2F202401251642073132089_20240125164721_01_20240125164901396.jpg,311,550
[오늘 경기] 주거 취약계층 이사비 최대 40만원 지원,http://imgnews.naver.net/image/417/2026/02/04/0001128081_001_20260204075909439.jpg,https://search.pstatic.net/common/?type=b150&src=http%3A%2F%2Fimgnews.naver.net%2Fimage%2F417%2F2026%2F02%2F04%2F0001128081_001_20260204075909439.jpg,482,1364
[공감신문 알쓸다정] 이사 앞둔 청년이라면…'이사비 지원' 지역 소개,http://imgnews.naver.net/image/5264/2022/08/25/0000605389_001_20220826103401726.jpg,https://search.pstatic.net/common/?type=b150&src=http%3A%2F%2Fimgnews.naver.net%2Fimage%2F5264%2F2022%2F08%2F25%2F0000605389_001_20220826103401726.jpg,400,600
"장흥군, 귀농인 이사비용 지원사업 ‘눈길’",http://imgnews.naver.net/image/468/2020/09/08/0000695555_001_20200908154340261.jpg,https://search.pstatic.net/common/?type=b150&src=http%3A%2F%2Fimgnews.naver.net%2Fimage%2F468%2F2020%2F09%2F08%2F0000695555_001_20200908154340261.jpg,375,500
"안양시, 청년가구 이사비 최대 50만원 지원…20일까지 신청 가능",http://www.thesegye.com/news/data/2026/03/06/p1065588439154858_935_thum.jpg,https://search.pstatic.net/sunny/?type=b150&src=http%3A%2F%2Fwww.thesegye.com%2Fnews%2Fdata%2F2026%2F03%2F06%2Fp1065588439154858_935_thum.jpg,1122,780
"영주시, 경북도 최초 청년 이사비 최대 50만원 지원",http://imgnews.naver.net/image/5268/2023/05/09/0001793234_001_20230509104803662.jpg,https://search.pstatic.net/common/?type=b150&src=http%3A%2F%2Fimgnews.naver.net%2Fimage%2F5268%2F2023%2F05%2F09%2F0001793234_001_20230509104803662.jpg,369,658
"""재건축 시공사, 이사비 못 준다""…정비사업 수주 '전면 손질'",http://imgnews.naver.net/image/008/2017/10/30/0003955533_002_20171030154251539.jpg,https://search.pstatic.net/common/?type=b150&src=http%3A%2F%2Fimgnews.naver.net%2Fimage%2F008%2F2017%2F10%2F30%2F0003955533_002_20171030154251539.jpg,336,540
"안양시, 주거취약계층 이사비·생필품 구입비 가구당 40만원까지 지원",http://imgnews.naver.net/image/5525/2023/02/08/0000321578_001_20230208110602408.jpg,https://search.pstatic.net/common/?type=b150&src=http%3A%2F%2Fimgnews.naver.net%2Fimage%2F5525%2F2023%2F02%2F08%2F0000321578_001_20230208110602408.jpg,718,960
"인천시, 쪽방촌 주민 등 이사비 최대 40만 원 지원",http://imgnews.naver.net/image/5556/2026/03/05/0000132848_001_20260305103813145.jpg,https://search.pstatic.net/common/?type=b150&src=http%3A%2F%2Fimgnews.naver.net%2Fimage%2F5556%2F2026%2F03%2F05%2F0000132848_001_20260305103813145.jpg,338,600
[2023년 예산안]반지하 이사비 지원·생계급여 인상 등 복지 늘려…일자리·SOC 예산은 삭감,http://imgnews.naver.net/image/277/2022/08/30/0005140011_002_20220830111608718.jpg,https://search.pstatic.net/common/?type=b150&src=http%3A%2F%2Fimgnews.naver.net%2Fimage%2F277%2F2022%2F08%2F30%2F0005140011_002_20220830111608718.jpg,433,325
"39세까지 취업지원금, 42세까지 이사비…서울시 '청년 지원' 강화",http://imgnews.naver.net/image/079/2026/06/22/0004160297_001_20260622141009955.jpg,https://search.pstatic.net/common/?type=b150&src=http%3A%2F%2Fimgnews.naver.net%2Fimage%2F079%2F2026%2F06%2F22%2F0004160297_001_20260622141009955.jpg,380,710
여름 휴가 계획 중? '아는만큼 아낀다' 휴가비 지원 사업 모음,http://imgnews.naver.net/image/5516/2023/05/23/0000030429_001_20230523144202178.jpg,https://search.pstatic.net/common/?type=b150&src=http%3A%2F%2Fimgnews.naver.net%2Fimage%2F5516%2F2023%2F05%2F23%2F0000030429_001_20230523144202178.jpg,400,600
"삼척시, ‘기초생활보장수급자 이사비용 지원 사업’ 추진",http://imgnews.naver.net/image/002/2020/10/05/0002153228_001_20201005114302907.jpg,https://search.pstatic.net/common/?type=b150&src=http%3A%2F%2Fimgnews.naver.net%2Fimage%2F002%2F2020%2F10%2F05%2F0002153228_001_20201005114302907.jpg,401,640
"여행비지원 받고 떠나는 진짜 한달살기, 지자체 지원사업 여기 다 있다",http://imgnews.naver.net/image/5449/2025/10/17/0000091185_001_20251017092413572.jpg,https://search.pstatic.net/common/?type=b150&src=http%3A%2F%2Fimgnews.naver.net%2Fimage%2F5449%2F2025%2F10%2F17%2F0000091185_001_20251017092413572.jpg,600,600
[학부] 2023년 우양재단 하반기 대학생 식비지원 사업 안내,http://www.ewha.ac.kr/cms/plugin/editorImage.do?EwBmGYHoQTkhXAtgQwJYDMBGALdA3AdQEFlsBxTPAcwHkAleAOgCsAHKoA,https://search.pstatic.net/sunny/?type=b150&src=http%3A%2F%2Fwww.ewha.ac.kr%2Fcms%2Fplugin%2FeditorImage.do%3FEwBmGYHoQTkhXAtgQwJYDMBGALdA3AdQEFlsBxTPAcwHkAleAOgCsAHKoA,799,1199
"서울시, 내년부터 청년 대중교통비·이사비 지원…청년정책 박차",http://imgnews.naver.net/image/056/2021/10/27/0011145151_001_20211027111701225.jpg,https://search.pstatic.net/common/?type=b150&src=http%3A%2F%2Fimgnews.naver.net%2Fimage%2F056%2F2021%2F10%2F27%2F0011145151_001_20211027111701225.jpg,360,640
청년 전월세 중개보수비·이사비 최대 40만원 지원,http://imgnews.naver.net/image/5001/2023/05/08/0000404177_001_20230508145601734.png,https://search.pstatic.net/common/?type=b150&src=http%3A%2F%2Fimgnews.naver.net%2Fimage%2F5001%2F2023%2F05%2F08%2F0000404177_001_20230508145601734.png,450,600
"고양시, 주거상향 입주완료가구 생활실태 보고서 배포",http://imgnews.naver.net/image/277/2024/10/29/0005491710_001_20241029143810830.jpg,https://search.pstatic.net/common/?type=b150&src=http%3A%2F%2Fimgnews.naver.net%2Fimage%2F277%2F2024%2F10%2F29%2F0005491710_001_20241029143810830.jpg,541,390
‘맹심’해야 받을 수 있는… 제주도 추가배송비 지원사업,http://imgnews.naver.net/image/005/2024/11/19/2024111914141159473_1731993251_0020745169_20241119142109277.jpg,https://search.pstatic.net/common/?type=b150&src=http%3A%2F%2Fimgnews.naver.net%2Fimage%2F005%2F2024%2F11%2F19%2F2024111914141159473_1731993251_0020745169_20241119142109277.jpg,446,640
청년 위해 돈 쓴다더니…‘청년 교통비 지원 사업’ 일몰 폐지,http://imgnews.naver.net/image/5420/2022/09/30/2022093018479327_20220930153202315.jpg,https://search.pstatic.net/common/?type=b150&src=http%3A%2F%2Fimgnews.naver.net%2Fimage%2F5420%2F2022%2F09%2F30%2F2022093018479327_20220930153202315.jpg,392,600
"""경기도 이사한 청년에 25만원 드려요""…'청년 이사비·중개보수비 지원’[십분청년백서]",http://imgnews.naver.net/image/5003/2024/08/22/20240822152032_2067371_1200_891_20240822154012698.jpg,https://search.pstatic.net/common/?type=b150&src=http%3A%2F%2Fimgnews.naver.net%2Fimage%2F5003%2F2024%2F08%2F22%2F20240822152032_2067371_1200_891_20240822154012698.jpg,401,540
"용인시, 무주택 청년 이사비·중개비 최대 40만원 지원",http://imgnews.naver.net/image/5001/2026/07/06/0000492775_001_20260706164408661.jpg,https://search.pstatic.net/common/?type=b150&src=http%3A%2F%2Fimgnews.naver.net%2Fimage%2F5001%2F2026%2F07%2F06%2F0000492775_001_20260706164408661.jpg,842,600
서울시 이사비 우선 지원 청년 81% '지·옥·고'에 산다... 관악구 1등,http://imgnews.naver.net/image/469/2025/08/11/0000880972_001_20250812061202432.jpg,https://search.pstatic.net/common/?type=b150&src=http%3A%2F%2Fimgnews.naver.net%2Fimage%2F469%2F2025%2F08%2F11%2F0000880972_001_20250812061202432.jpg,407,640
복덩이부동산공인중개사사무소,https://ldb-phinf.pstatic.net/20260402_78/1775091835806hLKIw_JPEG/WnNBKlqnSNNVlRuSHhsetBqAzqcNhzYh.jpg,https://search.pstatic.net/common/?type=b150&src=https%3A%2F%2Fldb-phinf.pstatic.net%2F20260402_78%2F1775091835806hLKIw_JPEG%2FWnNBKlqnSNNVlRuSHhsetBqAzqcNhzYh.jpg,1072,760
"익산시, 노인 목욕비 지원사업 이·미용 업소까지 확대",http://imgnews.naver.net/image/5090/2024/01/09/0002324640_001_20240109160801161.jpg,https://search.pstatic.net/common/?type=b150&src=http%3A%2F%2Fimgnews.naver.net%2Fimage%2F5090%2F2024%2F01%2F09%2F0002324640_001_20240109160801161.jpg,320,640
"서울시, 청년층에 교통비 연 10만 원·이사비 40만 원 지원 추진",http://imgnews.naver.net/image/056/2021/10/25/0011143691_001_20211025172201289.jpg,https://search.pstatic.net/common/?type=b150&src=http%3A%2F%2Fimgnews.naver.net%2Fimage%2F056%2F2021%2F10%2F25%2F0011143691_001_20211025172201289.jpg,360,640
"부산 남구, 주거 취약계층 중개보수 지원사업 시행 - 부산일보 부산 남구, 주거 취약계층 중개보수 지원사업 시행",https://www.busan.com/nas/wcms/wcms_data/photos/2025/12/22/2025122217153862923_m.jpg,https://search.pstatic.net/sunny/?type=b150&src=https%3A%2F%2Fwww.busan.com%2Fnas%2Fwcms%2Fwcms_data%2Fphotos%2F2025%2F12%2F22%2F2025122217153862923_m.jpg,679,480
"영주시, 청년 이사비·도서 구입비 최대 58만 원 지원",http://imgnews.naver.net/image/421/2025/01/20/0008033114_001_20250120164725031.jpg,https://search.pstatic.net/common/?type=b150&src=http%3A%2F%2Fimgnews.naver.net%2Fimage%2F421%2F2025%2F01%2F20%2F0008033114_001_20250120164725031.jpg,1172,1386
"2023 정부 휴가비 지원사업! 숙박비부터 교통비까지 (+신청자격,방법) < 여행 꿀팁 < 기사본문 - 여행톡톡 2023 정부 휴가비 지원사업!... ",https://cdn.tourtoctoc.com/news/photo/202304/227_1304_5759.jpg,https://search.pstatic.net/sunny/?type=b150&src=https%3A%2F%2Fcdn.tourtoctoc.com%2Fnews%2Fphoto%2F202304%2F227_1304_5759.jpg,628,1200
"장수군, '이·미용·목욕비 지원사업' 바우처 카드 도입",http://imgnews.naver.net/image/5268/2023/01/10/0001744947_001_20230110111204648.jpg,https://search.pstatic.net/common/?type=b150&src=http%3A%2F%2Fimgnews.naver.net%2Fimage%2F5268%2F2023%2F01%2F10%2F0001744947_001_20230110111204648.jpg,439,658
"""이사비 줄테니 지방근무자 본사 출근하라""…쿠팡, 일방통행式 소셜사업 종료에 구설수",http://imgnews.naver.net/image/366/2017/02/08/2017020702393_0_99_20170209190306.jpg,https://search.pstatic.net/common/?type=b150&src=http%3A%2F%2Fimgnews.naver.net%2Fimage%2F366%2F2017%2F02%2F08%2F2017020702393_0_99_20170209190306.jpg,341,478
영덕군 - 소기업 소상공인 방역물품비 지원사업 안내 | 공지사항 소기업 소상공인 방역물품비 지원사업 안내,https://www.yd.go.kr/wp-content/uploads/kboard_attached/4/202201/202201140115321653573.png,https://search.pstatic.net/sunny/?type=b150&src=https%3A%2F%2Fwww.yd.go.kr%2Fwp-content%2Fuploads%2Fkboard_attached%2F4%2F202201%2F202201140115321653573.png,901,1647
"최대 40만 원, 서울시 청년이라면 이사비 받으세요",https://img1.daumcdn.net/thumb/R1280x0.fpng/?fname=http://t1.daumcdn.net/brunch/service/user/cVET/image/A_KbmtDeW0GG5YbfKIf_YecqQNo.png,https://search.pstatic.net/sunny/?type=b150&src=https%3A%2F%2Fimg1.daumcdn.net%2Fthumb%2FR1280x0.fpng%2F%3Ffname%3Dhttp%3A%2F%2Ft1.daumcdn.net%2Fbrunch%2Fservice%2Fuser%2FcVET%2Fimage%2FA_KbmtDeW0GG5YbfKIf_YecqQNo.png,710,1280
2021 에쓰-오일 '청년 푸드트럭 유류비 지원사업' 모집,http://imgnews.naver.net/image/5294/2021/04/13/0000190333_002_20210413152958183.jpg,https://search.pstatic.net/common/?type=b150&src=http%3A%2F%2Fimgnews.naver.net%2Fimage%2F5294%2F2021%2F04%2F13%2F0000190333_002_20210413152958183.jpg,428,600
